{
    "MONOLOG_SHORTNAME": "monolog",
    "MONOLOG_PKG": "monolog/monolog",
    "MONOLOG_REPO": "https://github.com/Seldaek/monolog.git",
    "MONOLOG_VERSION": "2.1.0",
    "PSX_CACHE_SHORTNAME": "psx-cache",
    "PSX_CACHE_REPO": "https://github.com/apioo/psx-cache.git",
    "PSX_CACHE_VERSION": "v1.0.2",
    "GUZZLE_PSR7_SHORTNAME": "psr7",
    "GUZZLE_PSR7_REPO": "https://github.com/guzzle/psr7.git",
    "GUZZLE_PSR7_VERSION": "1.5.2",
    "LEAGUE_CONTAINER_SHORTNAME": "league-container",
    "LEAGUE_CONTAINER_REPO": "https://github.com/thephpleague/container.git",
    "LEAGUE_CONTAINER_VERSION": "3.3.0",
    "LINK_UTIL_SHORTNAME": "link-util",
    "LINK_UTIL_REPO": "https://github.com/php-fig/link-util.git",
    "LINK_UTIL_VERSION": "1.0.0",
    "DISPATCH_SHORTNAME": "dispatch",
    "DISPATCH_REPO": "https://github.com/equip/dispatch.git",
    "DISPATCH_VERSION": "2.0.0",
    "REQUEST_HANDLER_SHORTNAME": "request-handler",
    "REQUEST_HANDLER_REPO": "https://github.com/middlewares/request-handler.git",
    "REQUEST_HANDLER_VERSION": "v1.3.0",
    "HTTP_FACTORY_GUZZLE_SHORTNAME": "http-factory-guzzle",
    "HTTP_FACTORY_GUZZLE_REPO": "https://github.com/http-interop/http-factory-guzzle.git",
    "HTTP_FACTORY_GUZZLE_VERSION": "1.0.0",
    "HTTP_GUZZLE_PSR18_ADAPTER_SHORTNAME": "guzzle-psr18-adapter",
    "HTTP_GUZZLE_PSR18_ADAPTER_REPO": "https://github.com/ricardofiorani/guzzle-psr18-adapter.git",
    "HTTP_GUZZLE_PSR18_ADAPTER_VERSION": "v1.0.1",
    "TUKIO_SHORTNAME": "tukio",
    "TUKIO_REPO": "https://github.com/Crell/Tukio.git",
    "TUKIO_VERSION": "1.0.0",
    "LAMINAS_CACHE_SHORTNAME": "laminas-cache",
    "LAMINAS_CACHE_REPO": "https://github.com/laminas/laminas-cache.git",
    "LAMINAS_CACHE_VERSION": "2.9.0"
}
